/* 6 laba
insert into usr (first_name, middle_name, last_name, email) values
('Стас', 'Романович', 'Иванов', 'adsdasdsda@my.example.com'),
('Дмитрий', 'Кириллович', 'Петров', 'dadsadad@my.example.com'),
('Кирилл', 'Станиславович', 'Максимов', 'fhgfhfghf@my.example.com'),
('Ксения', 'Дмитриевна', 'Ларионова', 'ghjgjghj@my.example.com'),
('Александра', 'Магаданович', 'Зебестович', 'ityitit@my.example.com'),
('Елена', 'Маркович', 'Макаронов', 'mityitit@ple.com'),
('Руслан', 'Романович', 'Апельсинов', 'tjghjgjg@my.example.com'),
('Рома', 'Иванович', 'Иванов', 'iyuiyiyi@my.example.com'),
('Анастасия', 'Иванович', 'Круг', 'nbmggh@my.example.com'),
('Виктория', 'Ивановна', 'Гречай', 'uyoyoyuo@my.example.com'),
('Никита', 'Маркович', 'Иванов', 'iupuiluil@my.example.com'),
('Тимофей', 'Романов', 'Иванов', 'uyiyiyiyi@my.example.com'),
('Александр ', 'Иванович', 'Петров', 'bdbdfdbdf@my.example.com');ф
*/

/* 7-8 labs
insert into usr (first_name, middle_name, last_name, e_mail, phone, birth_date) values
('Миша', 'Иванович', 'Маркуни', 'afasfafs@my.example.com', '+797232308787', '2012-1-13'),
('Наташа', 'Александровна', 'Радужная', 'asGASAsfa@my.example.com', '+75723308787', '2012-2-14'),
('Света', 'Романовна', 'Христос', 'dfhdg@my.example.com', '+732882323787', '2012-3-15'),
('Тарас', 'Романович', 'Евдокименко', 'qwdqdqwd@my.example.com', '+797542378787', '2012-4-16'),
('Юля', 'Алекссевич', 'Гладышев', 'fsdfsdfs@my.example.com', '+711811308787', '2012-5-17'),
('София', 'Александровна', 'Саркисян', 'hsdfs@my.example.com', '+797822308787', '2012-6-18'),
('Антонина', 'Анатольевна', 'Асанов', 'ioshfisfd@my.example.com', '+7972382355787', '2012-7-19'),
('Саша', 'Алексеевич', 'Иванов', 'tasdavdav@my.example.com', '+7977723045787', '2012-8-20'),
('Петруша', 'Иванович', 'Тернов', 'avsdvasf@my.example.com', '+797823308127', '2012-9-21'),
('Евгений', 'Хлевнович', 'Микроп', 'avsavdsa@my.example.com', '+7978820011787', '2012-10-22');
*/

/* 9-10 labs
insert into role (name) values
('administrator'),
('editor'),
('user');

insert into permission (name) values
('create'),
('edit'),
('view'),
('delete');

insert into role_permission (role_name, permission_id) values
('user', 3),
('editor', 2),
('editor', 3),
('administrator', 1),
('administrator', 2),
('administrator', 3),
('administrator', 4);

insert into usr (first_name, middle_name, last_name, e_mail, phone, birth_date, role_name) values
('Артем', 'Александрович', 'Павлов', 'gwfghfgw@my.example.com', '+797811608787', '2002-11-12', 'user'),
('Павел', 'Олегович', 'Киевец', 'wegfghfheg@my.example.com', '+757872322787', '2002-10-12', 'user'),
('Глеб', 'Олегович', 'Ириоглу', 'ryeyerye@my.example.com', '+732882333087', '2002-9-12', 'user'),
('Мария', 'Эдуардовна', 'Евдокименко', 'vsddasdadad@my.example.com', '+722544308787', '2002-8-12', 'user'),
('Наталия', 'Морская', 'Пехота', 'vsd123sd@my.example.com', '+711762355787', '2002-7-12', 'user'),
('Авраам', 'Саркисянович', 'Линкольн', 'vs24141vs@my.example.com', '+797866108787', '2002-6-12', 'user'),
('Бушидо', 'Иванович', 'Ковальский', 'vsdfsdfsfssvsd@my.example.com', '+797833775787', '2002-5-12', 'user'),
('Трисинна', 'Алексеевич', 'Иванов', 'vxsffdsvcx@my.example.com', '+794472888787', '2002-4-12', 'user'),
('Саня', 'Иванович', 'Теров', 'sdjfgjfgjdf@my.example.com', '+797823458799', '2002-3-12', 'user'),
('Петр', 'Хлевной', 'Петрович', 'fshfhfghs@my.example.com', '+797811000087', '2002-2-12', 'user');
*/

/* 11-12 labs

insert into department (name) values
('Информатика'),
('География'),
('Высшая математика'),
('Астронафтика'),
('Бизнес-моделирование');

insert into position (name) values
('Преподователь'),
('Администрация'),
('Студент');

insert into grp (id, name, course) values
(1, 'РПН', '2'),
(2, 'НКА-1', '4'),
(3, 'ЩВА-41', '2'),
(4, 'ГНТ-00', '4'),
(5, 'ШОК-88', '2');

insert into usr (first_name, middle_name, last_name, e_mail, phone, birth_date, role_name) values
('Модест', 'Максимович', 'Гурьев', 'odfhsf@my.example.com', '+797226608787', '2002-11-12', 'user'),
('Андрей ', 'Моивсее', 'Робертович', 'sdfsfsf@my.example.com', '+711872308787', '2002-10-12', 'user'),
('Адам', 'Оскарович', 'Хохлов', 'sdfgsfsd@my.example.com', '+732232300087', '2002-9-12', 'user'),
('Владислав', 'Туров', 'Наумович', 'scsdcsc@my.example.com', '+722542308787', '2002-8-12', 'user'),
('Адам', 'Борисович', 'Щукин', 'sdfsfsfsd@my.example.com', '+711242308787', '2002-7-12', 'user'),
('Илья', 'Яковович', 'Беспалов', 'stetst@my.example.com', '+797825108787', '2002-6-12', 'user'),
('Миша', 'Иванович', 'Иванов', 'osettste@my.example.com', '+797866355787', '2002-5-12', 'user'),
('Бронислав', 'Феликсович', 'Корнилов', 'setststs@my.example.com', '+794332308787', '2002-4-12', 'user'),
('Вольдемар', 'Назаров', 'Назаров', 'ergherger@my.example.com', '+797113458787', '2002-3-12', 'user'),
('Ян', 'Богданович', 'Зиновьев', 'bgdfb@my.example.com', '+797811009987', '2002-2-12', 'user');

insert into university_member (user_id, department_id, position_id) values
('1', '1', '3'),
('2', '1', '3'),
('3', '1', '3'),
('4', '1', '3'),
('5', '1', '3'),
('6', '1', '3'),
('7', '1', '3'),
('8', '1', '2'),
('9', '1', '1'),
('10', '2', '3'),
('11', '2', '3'),
('12', '2', '3'),
('13', '2', '3'),
('15', '2', '3'),
('16', '2', '3'),
('17', '2', '1'),
('18', '2', '2'),
('19', '3', '3'),
('20', '3', '3'),
('21', '3', '3'),
('22', '3', '3'),
('23', '3', '3'),
('30', '4', '3'),
('31', '4', '3'),
('32', '4', '3'),
('33', '4', '3'),
('34', '4', '3'),
('36', '4', '3'),
('37', '4', '3'),
('38', '4', '1'),
('39', '4', '2'),
('40', '5', '3'),
('41', '5', '3'),
('42', '5', '3'),
('43', '5', '3'),
('44', '5', '1'),
('45', '5', '2');

insert into group_member (id, university_member_id, group_id, group_leader) values
(1, '244', '1', 'F'),
(2, '245', '1', 'F'),
(3, '246', '1', 'F'),
(4, '247', '1', 'F'),
(5, '248', '1', 'F'),
(6, '249', '1', 'F'),
(7, '250', '1', 'F'),
(8, '251', '1', 'F'),
(9, '252', '1', 'T'),
(10, '253', '2', 'F'),
(11, '254', '2', 'F'),
(12, '255', '2', 'F'),
(13, '256', '2', 'F'),
(14, '257', '2', 'F'),
(15, '258', '2', 'F'),
(16, '259', '2', 'F'),
(17, '260', '2', 'T'),
(18, '270', '2', 'F'),
(19, '271', '3', 'F'),
(20, '272', '3', 'F'),
(21, '273', '3', 'F'),
(22, '274', '3', 'F'),
(23, '275', '3', 'F'),
(24, '276', '3', 'F'),
(25, '277', '3', 'F'),
(26, '278', '3', 'T'),
(27, '279', '3', 'F'),
(28, '280', '4', 'F');
*/

/* 13-14 labs

insert into address (id, user_id, zip_code, city, street, building, flat) values
('1', '1', '29600', 'Симферополь', '15', '3', '11'),
('2', '1', '29600', 'Симферополь', '113', '5', '18'),
('3', '2', '29600', 'Симферополь', '14', '4', '10'),
('5', '4', '29600', 'Симферополь', '12', '6', '8'),
('6', '5', '29600', 'Симферополь', '11', '7', '7'),
('7', '6', '29600', 'Симферополь', '10', '8', '6'),
('8', '6', '29600', 'Симферополь', '55', '18', '66'),
('9', '6', '29600', 'Симферополь', '90', '11', '55'),
('10', '7', '29600', 'Симферополь', '9', '9', '5'),
('11', '8', '29600', 'Симферополь', '8', '10', '4'),
('12', '9', '29600', 'Симферополь', '7', '11', '3'),
('13', '10', '29600', 'Симферополь', '6', '12', '2'),
('14', '11', '29600', 'Симферополь', '5', '13', '1'),
('15', '12', '29600', 'Симферополь', '4', '14', '11'),
('16', '13', '29600', 'Симферополь', '3', '15', '10'),
('18', '15', '29600', 'Симферополь', '1', '17', '8'),
('19', '16', '29600', 'Симферополь', '16', '3', '118'),
('20', '17', '29600', 'Симферополь', '17', '4', '11'),
('21', '18', '29600', 'Симферополь', '18', '5', '11'),
('22', '19', '29600', 'Симферополь', '19', '6', '11'),
('23', '20', '29600', 'Симферополь', '20', '7', '11'),
('24', '21', '29600', 'Симферополь', '15', '8', '11'),
('25', '22', '29600', 'Симферополь', '13', '9', '11'),
('26', '23', '29600', 'Симферополь', '15', '10', '11'),
('32', '30', '29600', 'Симферополь', '110', '56', '15'),
('33', '31', '29600', 'Симферополь', '15', '15', '14'),
('34', '32', '29600', 'Симферополь', '134', '1', '10'),
('35', '33', '29600', 'Симферополь', '145', '1', '1'),
('36', '34', '29600', 'Симферополь', '112', '1', '19'),
('37', '36', '29600', 'Симферополь', '11', '1', '11'),
('38', '37', '29600', 'Симферополь', '15', '2', '21'),
('39', '38', '29600', 'Симферополь', '15', '2', '22'),
('40', '39', '29600', 'Симферополь', '15', '3', '23'),
('41', '40', '29600', 'Симферополь', '39', '3', '24'),
('42', '41', '29600', 'Симферополь', '15', '3', '11'),
('43', '42', '29600', 'Симферополь', '5', '3', '11'),
('44', '43', '29600', 'Симферополь', '15', '3', '11'),
('45', '44', '29600', 'Симферополь', '10', '3', '11');
*/






